<?xml version="1.0" encoding="UTF-8"?>
<metadata xml:lang="es"><Esri><CreaDate>20230303</CreaDate><CreaTime>14591400</CreaTime><ArcGISFormat>1.0</ArcGISFormat><SyncOnce>FALSE</SyncOnce><DataProperties><itemProps><itemName Sync="TRUE">EQUIPAMIENTOS_EDUCATIVOS</itemName><imsContentType Sync="TRUE">002</imsContentType><itemLocation><linkage Sync="TRUE">file://\\RICDEFJO\E\PDOT GYE PUGS\MAPAS PUGS\EQUIPAMIENTOS GENERAL\v105\master_plan_gye.gdb</linkage><protocol Sync="TRUE">Local Area Network</protocol></itemLocation><nativeExtBox><westBL Sync="TRUE">617206.438300</westBL><eastBL Sync="TRUE">625461.890400</eastBL><southBL Sync="TRUE">9747370.905000</southBL><northBL Sync="TRUE">9758773.583900</northBL><exTypeCode Sync="TRUE">1</exTypeCode></nativeExtBox><itemSize Sync="TRUE">0.028</itemSize></itemProps><coordRef><type Sync="TRUE">Projected</type><geogcsn Sync="TRUE">GCS_WGS_1984</geogcsn><csUnits Sync="TRUE">Linear Unit: Meter (1.000000)</csUnits><projcsn Sync="TRUE">WGS_1984_UTM_Zone_17S</projcsn><peXml Sync="TRUE">&lt;ProjectedCoordinateSystem xsi:type='typens:ProjectedCoordinateSystem' xmlns:xsi='http://www.w3.org/2001/XMLSchema-instance' xmlns:xs='http://www.w3.org/2001/XMLSchema' xmlns:typens='http://www.esri.com/schemas/ArcGIS/10.5'&gt;&lt;WKT&gt;PROJCS[&amp;quot;WGS_1984_UTM_Zone_17S&amp;quot;,GEOGCS[&amp;quot;GCS_WGS_1984&amp;quot;,DATUM[&amp;quot;D_WGS_1984&amp;quot;,SPHEROID[&amp;quot;WGS_1984&amp;quot;,6378137.0,298.257223563]],PRIMEM[&amp;quot;Greenwich&amp;quot;,0.0],UNIT[&amp;quot;Degree&amp;quot;,0.0174532925199433]],PROJECTION[&amp;quot;Transverse_Mercator&amp;quot;],PARAMETER[&amp;quot;False_Easting&amp;quot;,500000.0],PARAMETER[&amp;quot;False_Northing&amp;quot;,10000000.0],PARAMETER[&amp;quot;Central_Meridian&amp;quot;,-81.0],PARAMETER[&amp;quot;Scale_Factor&amp;quot;,0.9996],PARAMETER[&amp;quot;Latitude_Of_Origin&amp;quot;,0.0],UNIT[&amp;quot;Meter&amp;quot;,1.0],AUTHORITY[&amp;quot;EPSG&amp;quot;,32717]],VERTCS[&amp;quot;WGS_1984&amp;quot;,DATUM[&amp;quot;D_WGS_1984&amp;quot;,SPHEROID[&amp;quot;WGS_1984&amp;quot;,6378137.0,298.257223563]],PARAMETER[&amp;quot;Vertical_Shift&amp;quot;,0.0],PARAMETER[&amp;quot;Direction&amp;quot;,1.0],UNIT[&amp;quot;Meter&amp;quot;,1.0],AUTHORITY[&amp;quot;Esri&amp;quot;,115700]]&lt;/WKT&gt;&lt;XOrigin&gt;-5120900&lt;/XOrigin&gt;&lt;YOrigin&gt;1900&lt;/YOrigin&gt;&lt;XYScale&gt;10000&lt;/XYScale&gt;&lt;ZOrigin&gt;-100000&lt;/ZOrigin&gt;&lt;ZScale&gt;10000&lt;/ZScale&gt;&lt;MOrigin&gt;-100000&lt;/MOrigin&gt;&lt;MScale&gt;10000&lt;/MScale&gt;&lt;XYTolerance&gt;0.001&lt;/XYTolerance&gt;&lt;ZTolerance&gt;0.001&lt;/ZTolerance&gt;&lt;MTolerance&gt;0.001&lt;/MTolerance&gt;&lt;HighPrecision&gt;true&lt;/HighPrecision&gt;&lt;WKID&gt;32717&lt;/WKID&gt;&lt;LatestWKID&gt;32717&lt;/LatestWKID&gt;&lt;VCSWKID&gt;115700&lt;/VCSWKID&gt;&lt;LatestVCSWKID&gt;115700&lt;/LatestVCSWKID&gt;&lt;/ProjectedCoordinateSystem&gt;</peXml></coordRef><lineage><Process ToolSource="c:\program files (x86)\arcgis\desktop10.5\ArcToolbox\Toolboxes\Conversion Tools.tbx\FeatureClassToFeatureClass" Date="20200712" Time="212948">FeatureClassToFeatureClass INSTITUCIONES_EDUCATIVAS "C:\Users\Margarita\Desktop\EQUIPAMIENTOS - PLAN MASTER\EQUIPAMIENTOS Y SECTORES DE PLANIFICACION\2.7.3 EDUCACION\GDB\EQUIPAMIENTOS_EDUCACIONAL.mdb\EDUCACION" EDUCACION # "OBJECTID "OBJECTID" true true false 10 Long 0 10 ,First,#,INSTITUCIONES_EDUCATIVAS,OBJECTID,-1,-1;Sostenimie "Sostenimie" true true false 80 Text 0 0 ,First,#,INSTITUCIONES_EDUCATIVAS,Sostenimie,-1,-1;Jornada "Jornada" true true false 80 Text 0 0 ,First,#,INSTITUCIONES_EDUCATIVAS,Jornada,-1,-1;Nivel "Nivel" true true false 80 Text 0 0 ,First,#,INSTITUCIONES_EDUCATIVAS,Nivel,-1,-1;PARROQUIA "PARROQUIA" true true false 100 Text 0 0 ,First,#,INSTITUCIONES_EDUCATIVAS,PARROQUIA,-1,-1;codigo "codigo" true true false 50 Text 0 0 ,First,#,INSTITUCIONES_EDUCATIVAS,codigo,-1,-1;SECTOR_NOM "SECTOR_NOM" true true false 50 Text 0 0 ,First,#,INSTITUCIONES_EDUCATIVAS,SECTOR_NOM,-1,-1;COOP_URB "COOP_URB" true true false 250 Text 0 0 ,First,#,INSTITUCIONES_EDUCATIVAS,COOP_URB,-1,-1;DENOMINACI "DENOMINACI" true true false 100 Text 0 0 ,First,#,INSTITUCIONES_EDUCATIVAS,DENOMINACI,-1,-1;CATEGORIA "CATEGORIA" true true false 200 Text 0 0 ,First,#,INSTITUCIONES_EDUCATIVAS,CATEGORIA,-1,-1;SIM_B "SIM_B" true true false 254 Text 0 0 ,First,#,INSTITUCIONES_EDUCATIVAS,SIM_B,-1,-1;USO "USO" true true false 254 Text 0 0 ,First,#,INSTITUCIONES_EDUCATIVAS,USO,-1,-1;SCT_GYE "SCT_GYE" true true false 50 Text 0 0 ,First,#,INSTITUCIONES_EDUCATIVAS,SCT_GYE,-1,-1;SIM_A "SIM_A" true true false 254 Text 0 0 ,First,#,INSTITUCIONES_EDUCATIVAS,SIM_A,-1,-1;TIPOLOGIA "TIPOLOGIA" true true false 254 Text 0 0 ,First,#,INSTITUCIONES_EDUCATIVAS,TIPOLOGIA,-1,-1;ACT___EST "ACT___EST" true true false 254 Text 0 0 ,First,#,INSTITUCIONES_EDUCATIVAS,ACT___EST,-1,-1;RAD_INF "RAD_INF" true true false 19 Double 0 0 ,First,#,INSTITUCIONES_EDUCATIVAS,RAD_INF,-1,-1;NRM "NRM" true true false 19 Double 0 0 ,First,#,INSTITUCIONES_EDUCATIVAS,NRM,-1,-1;LOT_MIN "LOT_MIN" true true false 19 Double 0 0 ,First,#,INSTITUCIONES_EDUCATIVAS,LOT_MIN,-1,-1;POB_BAS "POB_BAS" true true false 19 Double 0 0 ,First,#,INSTITUCIONES_EDUCATIVAS,POB_BAS,-1,-1" #</Process><Process ToolSource="c:\program files (x86)\arcgis\desktop10.5\ArcToolbox\Toolboxes\Data Management Tools.tbx\CalculateField" Date="20201019" Time="121240">CalculateField educacion_j COOP_URB "S/N" VB #</Process><Process ToolSource="c:\program files (x86)\arcgis\desktop10.5\ArcToolbox\Toolboxes\Data Management Tools.tbx\CalculateField" Date="20201019" Time="121329">CalculateField educacion_j COOP_URB 8-42-4-0-0-0 VB #</Process><Process ToolSource="c:\program files (x86)\arcgis\desktop10.5\ArcToolbox\Toolboxes\Data Management Tools.tbx\CalculateField" Date="20201019" Time="121428">CalculateField educacion_j COOP_URB "S/N" VB #</Process><Process ToolSource="c:\program files (x86)\arcgis\desktop10.5\ArcToolbox\Toolboxes\Data Management Tools.tbx\CalculateField" Date="20201019" Time="121841">CalculateField educacion_j COOP_URB "S/N" VB #</Process><Process ToolSource="c:\program files (x86)\arcgis\desktop10.5\ArcToolbox\Toolboxes\Data Management Tools.tbx\CalculateField" Date="20201019" Time="121852">CalculateField educacion_j COOP_URB "S/N" VB #</Process><Process ToolSource="c:\program files (x86)\arcgis\desktop10.5\ArcToolbox\Toolboxes\Data Management Tools.tbx\CalculateField" Date="20201019" Time="122130">CalculateField educacion_j COOP_URB "S/N" VB #</Process><Process ToolSource="c:\program files (x86)\arcgis\desktop10.5\ArcToolbox\Toolboxes\Data Management Tools.tbx\CalculateField" Date="20201019" Time="122246">CalculateField educacion_j COOP_URB "S/N" VB #</Process><Process ToolSource="c:\program files (x86)\arcgis\desktop10.5\ArcToolbox\Toolboxes\Data Management Tools.tbx\CalculateField" Date="20201019" Time="122339">CalculateField educacion_j COOP_URB "S/N" VB #</Process><Process ToolSource="c:\program files (x86)\arcgis\desktop10.5\ArcToolbox\Toolboxes\Data Management Tools.tbx\CalculateField" Date="20201019" Time="122359">CalculateField educacion_j COOP_URB "S/N" VB #</Process><Process ToolSource="c:\program files (x86)\arcgis\desktop10.5\ArcToolbox\Toolboxes\Data Management Tools.tbx\CalculateField" Date="20201019" Time="122411">CalculateField educacion_j COOP_URB "S/N" VB #</Process><Process ToolSource="c:\program files (x86)\arcgis\desktop10.5\ArcToolbox\Toolboxes\Data Management Tools.tbx\CalculateField" Date="20201019" Time="122608">CalculateField educacion_j COOP_URB "S/N" VB #</Process><Process ToolSource="c:\program files (x86)\arcgis\desktop10.5\ArcToolbox\Toolboxes\Data Management Tools.tbx\CalculateField" Date="20201019" Time="122725">CalculateField educacion_j COOP_URB "S/N" VB #</Process><Process ToolSource="c:\program files (x86)\arcgis\desktop10.5\ArcToolbox\Toolboxes\Data Management Tools.tbx\CalculateField" Date="20201019" Time="122734">CalculateField educacion_j COOP_URB "S/N" VB #</Process><Process ToolSource="c:\program files (x86)\arcgis\desktop10.5\ArcToolbox\Toolboxes\Data Management Tools.tbx\CalculateField" Date="20201019" Time="122840">CalculateField educacion_j COOP_URB "S/N" VB #</Process><Process ToolSource="c:\program files (x86)\arcgis\desktop10.5\ArcToolbox\Toolboxes\Data Management Tools.tbx\CalculateField" Date="20201019" Time="122853">CalculateField educacion_j COOP_URB "S/N" VB #</Process><Process ToolSource="c:\program files (x86)\arcgis\desktop10.5\ArcToolbox\Toolboxes\Data Management Tools.tbx\CalculateField" Date="20201019" Time="122917">CalculateField educacion_j COOP_URB "S/N" VB #</Process><Process ToolSource="c:\program files (x86)\arcgis\desktop10.5\ArcToolbox\Toolboxes\Data Management Tools.tbx\CalculateField" Date="20201019" Time="122936">CalculateField educacion_j COOP_URB "S/N" VB #</Process><Process ToolSource="c:\program files (x86)\arcgis\desktop10.5\ArcToolbox\Toolboxes\Data Management Tools.tbx\CalculateField" Date="20201019" Time="123018">CalculateField educacion_j COOP_URB "S/N" VB #</Process><Process ToolSource="c:\program files (x86)\arcgis\desktop10.5\ArcToolbox\Toolboxes\Data Management Tools.tbx\CalculateField" Date="20201019" Time="123028">CalculateField educacion_j COOP_URB "S/N" VB #</Process><Process ToolSource="c:\program files (x86)\arcgis\desktop10.5\ArcToolbox\Toolboxes\Data Management Tools.tbx\CalculateField" Date="20201019" Time="123037">CalculateField educacion_j COOP_URB "S/N" VB #</Process><Process ToolSource="c:\program files (x86)\arcgis\desktop10.5\ArcToolbox\Toolboxes\Data Management Tools.tbx\CalculateField" Date="20201019" Time="123050">CalculateField educacion_j COOP_URB "S/N" VB #</Process><Process ToolSource="c:\program files (x86)\arcgis\desktop10.5\ArcToolbox\Toolboxes\Data Management Tools.tbx\CalculateField" Date="20201019" Time="123100">CalculateField educacion_j COOP_URB "S/N" VB #</Process><Process ToolSource="c:\program files (x86)\arcgis\desktop10.5\ArcToolbox\Toolboxes\Data Management Tools.tbx\CalculateField" Date="20201019" Time="124007">CalculateField educacion_j COOP_URB "S/N" VB #</Process><Process ToolSource="c:\program files (x86)\arcgis\desktop10.5\ArcToolbox\Toolboxes\Data Management Tools.tbx\CalculateField" Date="20201019" Time="124014">CalculateField educacion_j COOP_URB "S/N" VB #</Process><Process ToolSource="c:\program files (x86)\arcgis\desktop10.5\ArcToolbox\Toolboxes\Data Management Tools.tbx\CalculateField" Date="20201019" Time="124020">CalculateField educacion_j COOP_URB "S/N" VB #</Process><Process ToolSource="c:\program files (x86)\arcgis\desktop10.5\ArcToolbox\Toolboxes\Data Management Tools.tbx\CalculateField" Date="20201019" Time="124027">CalculateField educacion_j COOP_URB "S/N" VB #</Process><Process ToolSource="c:\program files (x86)\arcgis\desktop10.5\ArcToolbox\Toolboxes\Data Management Tools.tbx\CalculateField" Date="20201019" Time="124140">CalculateField educacion_j COOP_URB "S/N" VB #</Process><Process ToolSource="c:\program files (x86)\arcgis\desktop10.5\ArcToolbox\Toolboxes\Data Management Tools.tbx\CalculateField" Date="20201019" Time="124156">CalculateField educacion_j COOP_URB "S/N" VB #</Process><Process ToolSource="c:\program files (x86)\arcgis\desktop10.5\ArcToolbox\Toolboxes\Data Management Tools.tbx\CalculateField" Date="20201019" Time="124208">CalculateField educacion_j COOP_URB "S/N" VB #</Process><Process ToolSource="c:\program files (x86)\arcgis\desktop10.5\ArcToolbox\Toolboxes\Data Management Tools.tbx\CalculateField" Date="20201019" Time="124226">CalculateField educacion_j COOP_URB "S/N" VB #</Process><Process ToolSource="c:\program files (x86)\arcgis\desktop10.5\ArcToolbox\Toolboxes\Data Management Tools.tbx\CalculateField" Date="20201019" Time="124317">CalculateField educacion_j COOP_URB "S/N" VB #</Process><Process ToolSource="c:\program files (x86)\arcgis\desktop10.5\ArcToolbox\Toolboxes\Conversion Tools.tbx\FeatureClassToFeatureClass" Date="20210310" Time="095009">FeatureClassToFeatureClass E:\UNIDADES_EDUCATIVAS_CORTE_27-02-2021.shp "E:\00 - MASTER PLAN\MASTER_PLAN_GYE.gdb\EQUIPAMIENTOS" EQUIPAMIENTOS_EDUCATIVOS # "OBJECTID "OBJECTID" true true false 10 Long 0 10 ,First,#,E:\UNIDADES_EDUCATIVAS_CORTE_27-02-2021.shp,OBJECTID,-1,-1;Sostenimie "Sostenimie" true true false 80 Text 0 0 ,First,#,E:\UNIDADES_EDUCATIVAS_CORTE_27-02-2021.shp,Sostenimie,-1,-1;Jornada "Jornada" true true false 80 Text 0 0 ,First,#,E:\UNIDADES_EDUCATIVAS_CORTE_27-02-2021.shp,Jornada,-1,-1;Nivel "Nivel" true true false 80 Text 0 0 ,First,#,E:\UNIDADES_EDUCATIVAS_CORTE_27-02-2021.shp,Nivel,-1,-1;PARROQUIA "PARROQUIA" true true false 100 Text 0 0 ,First,#,E:\UNIDADES_EDUCATIVAS_CORTE_27-02-2021.shp,PARROQUIA,-1,-1;codigo "codigo" true true false 50 Text 0 0 ,First,#,E:\UNIDADES_EDUCATIVAS_CORTE_27-02-2021.shp,codigo,-1,-1;SECTOR_NOM "SECTOR_NOM" true true false 50 Text 0 0 ,First,#,E:\UNIDADES_EDUCATIVAS_CORTE_27-02-2021.shp,SECTOR_NOM,-1,-1;COOP_URB "COOP_URB" true true false 250 Text 0 0 ,First,#,E:\UNIDADES_EDUCATIVAS_CORTE_27-02-2021.shp,COOP_URB,-1,-1;DENOMINACI "DENOMINACI" true true false 100 Text 0 0 ,First,#,E:\UNIDADES_EDUCATIVAS_CORTE_27-02-2021.shp,DENOMINACI,-1,-1;CATEGORIA "CATEGORIA" true true false 200 Text 0 0 ,First,#,E:\UNIDADES_EDUCATIVAS_CORTE_27-02-2021.shp,CATEGORIA,-1,-1;SIM_B "SIM_B" true true false 254 Text 0 0 ,First,#,E:\UNIDADES_EDUCATIVAS_CORTE_27-02-2021.shp,SIM_B,-1,-1;USO "USO" true true false 254 Text 0 0 ,First,#,E:\UNIDADES_EDUCATIVAS_CORTE_27-02-2021.shp,USO,-1,-1;SCT_GYE "SCT_GYE" true true false 50 Text 0 0 ,First,#,E:\UNIDADES_EDUCATIVAS_CORTE_27-02-2021.shp,SCT_GYE,-1,-1;TIPOLOGIA "TIPOLOGIA" true true false 254 Text 0 0 ,First,#,E:\UNIDADES_EDUCATIVAS_CORTE_27-02-2021.shp,TIPOLOGIA,-1,-1;DIRECCION "DIRECCION" true true false 250 Text 0 0 ,First,#,E:\UNIDADES_EDUCATIVAS_CORTE_27-02-2021.shp,DIRECCION,-1,-1" #</Process></lineage></DataProperties><SyncDate>20210310</SyncDate><SyncTime>09500300</SyncTime><ModDate>20210310</ModDate><ModTime>09500300</ModTime></Esri><dataIdInfo><envirDesc Sync="TRUE"> Version 6.2 (Build 9200) ; Esri ArcGIS 10.5.0.6491</envirDesc><dataLang><languageCode value="spa" Sync="TRUE"></languageCode><countryCode value="ECU" Sync="TRUE"></countryCode></dataLang><idCitation><resTitle Sync="TRUE">EQUIPAMIENTOS_EDUCATIVOS</resTitle><presForm><PresFormCd value="005" Sync="TRUE"></PresFormCd></presForm></idCitation><spatRpType><SpatRepTypCd value="001" Sync="TRUE"></SpatRepTypCd></spatRpType><dataExt><geoEle><GeoBndBox esriExtentType="search"><exTypeCode Sync="TRUE">1</exTypeCode><westBL Sync="TRUE">-79.945996</westBL><eastBL Sync="TRUE">-79.871688</eastBL><northBL Sync="TRUE">-2.182015</northBL><southBL Sync="TRUE">-2.285214</southBL></GeoBndBox></geoEle></dataExt></dataIdInfo><mdLang><languageCode value="spa" Sync="TRUE"></languageCode><countryCode value="ECU" Sync="TRUE"></countryCode></mdLang><distInfo><distFormat><formatName Sync="TRUE">File Geodatabase Feature Class</formatName></distFormat><distTranOps><transSize Sync="TRUE">0.028</transSize></distTranOps></distInfo><mdHrLv><ScopeCd value="005" Sync="TRUE"></ScopeCd></mdHrLv><mdHrLvName Sync="TRUE">dataset</mdHrLvName><refSysInfo><RefSystem><refSysID><identCode code="32717" Sync="TRUE"></identCode><idCodeSpace Sync="TRUE">EPSG</idCodeSpace><idVersion Sync="TRUE">2.1(3.0.1)</idVersion></refSysID></RefSystem></refSysInfo><spatRepInfo><VectSpatRep><geometObjs Name="EQUIPAMIENTOS_EDUCATIVOS"><geoObjTyp><GeoObjTypCd value="004" Sync="TRUE"></GeoObjTypCd></geoObjTyp><geoObjCnt Sync="TRUE">0</geoObjCnt></geometObjs><topLvl><TopoLevCd value="001" Sync="TRUE"></TopoLevCd></topLvl></VectSpatRep></spatRepInfo><spdoinfo><ptvctinf><esriterm Name="EQUIPAMIENTOS_EDUCATIVOS"><efeatyp Sync="TRUE">Simple</efeatyp><efeageom code="1" Sync="TRUE"></efeageom><esritopo Sync="TRUE">FALSE</esritopo><efeacnt Sync="TRUE">0</efeacnt><spindex Sync="TRUE">TRUE</spindex><linrefer Sync="TRUE">FALSE</linrefer></esriterm></ptvctinf></spdoinfo><eainfo><detailed Name="EQUIPAMIENTOS_EDUCATIVOS"><enttyp><enttypl Sync="TRUE">EQUIPAMIENTOS_EDUCATIVOS</enttypl><enttypt Sync="TRUE">Feature Class</enttypt><enttypc Sync="TRUE">0</enttypc></enttyp><attr><attrlabl Sync="TRUE">OBJECTID_1</attrlabl><attalias Sync="TRUE">OBJECTID_1</attalias><attrtype Sync="TRUE">OID</attrtype><attwidth Sync="TRUE">4</attwidth><atprecis Sync="TRUE">0</atprecis><attscale Sync="TRUE">0</attscale><attrdef Sync="TRUE">Internal feature number.</attrdef><attrdefs Sync="TRUE">Esri</attrdefs><attrdomv><udom Sync="TRUE">Sequential unique whole numbers that are automatically generated.</udom></attrdomv></attr><attr><attrlabl Sync="TRUE">Shape</attrlabl><attalias Sync="TRUE">Shape</attalias><attrtype Sync="TRUE">Geometry</attrtype><attwidth Sync="TRUE">0</attwidth><atprecis Sync="TRUE">0</atprecis><attscale Sync="TRUE">0</attscale><attrdef Sync="TRUE">Feature geometry.</attrdef><attrdefs Sync="TRUE">Esri</attrdefs><attrdomv><udom Sync="TRUE">Coordinates defining the features.</udom></attrdomv></attr><attr><attrlabl Sync="TRUE">OBJECTID</attrlabl><attalias Sync="TRUE">OBJECTID</attalias><attrtype Sync="TRUE">Integer</attrtype><attwidth Sync="TRUE">4</attwidth><atprecis Sync="TRUE">0</atprecis><attscale Sync="TRUE">0</attscale></attr><attr><attrlabl Sync="TRUE">Sostenimie</attrlabl><attalias Sync="TRUE">Sostenimie</attalias><attrtype Sync="TRUE">String</attrtype><attwidth Sync="TRUE">80</attwidth><atprecis Sync="TRUE">0</atprecis><attscale Sync="TRUE">0</attscale></attr><attr><attrlabl Sync="TRUE">Jornada</attrlabl><attalias Sync="TRUE">Jornada</attalias><attrtype Sync="TRUE">String</attrtype><attwidth Sync="TRUE">80</attwidth><atprecis Sync="TRUE">0</atprecis><attscale Sync="TRUE">0</attscale></attr><attr><attrlabl Sync="TRUE">Nivel</attrlabl><attalias Sync="TRUE">Nivel</attalias><attrtype Sync="TRUE">String</attrtype><attwidth Sync="TRUE">80</attwidth><atprecis Sync="TRUE">0</atprecis><attscale Sync="TRUE">0</attscale></attr><attr><attrlabl Sync="TRUE">PARROQUIA</attrlabl><attalias Sync="TRUE">PARROQUIA</attalias><attrtype Sync="TRUE">String</attrtype><attwidth Sync="TRUE">100</attwidth><atprecis Sync="TRUE">0</atprecis><attscale Sync="TRUE">0</attscale></attr><attr><attrlabl Sync="TRUE">codigo</attrlabl><attalias Sync="TRUE">codigo</attalias><attrtype Sync="TRUE">String</attrtype><attwidth Sync="TRUE">50</attwidth><atprecis Sync="TRUE">0</atprecis><attscale Sync="TRUE">0</attscale></attr><attr><attrlabl Sync="TRUE">SECTOR_NOM</attrlabl><attalias Sync="TRUE">SECTOR_NOM</attalias><attrtype Sync="TRUE">String</attrtype><attwidth Sync="TRUE">50</attwidth><atprecis Sync="TRUE">0</atprecis><attscale Sync="TRUE">0</attscale></attr><attr><attrlabl Sync="TRUE">COOP_URB</attrlabl><attalias Sync="TRUE">COOP_URB</attalias><attrtype Sync="TRUE">String</attrtype><attwidth Sync="TRUE">250</attwidth><atprecis Sync="TRUE">0</atprecis><attscale Sync="TRUE">0</attscale></attr><attr><attrlabl Sync="TRUE">DENOMINACI</attrlabl><attalias Sync="TRUE">DENOMINACI</attalias><attrtype Sync="TRUE">String</attrtype><attwidth Sync="TRUE">100</attwidth><atprecis Sync="TRUE">0</atprecis><attscale Sync="TRUE">0</attscale></attr><attr><attrlabl Sync="TRUE">CATEGORIA</attrlabl><attalias Sync="TRUE">CATEGORIA</attalias><attrtype Sync="TRUE">String</attrtype><attwidth Sync="TRUE">200</attwidth><atprecis Sync="TRUE">0</atprecis><attscale Sync="TRUE">0</attscale></attr><attr><attrlabl Sync="TRUE">SIM_B</attrlabl><attalias Sync="TRUE">SIM_B</attalias><attrtype Sync="TRUE">String</attrtype><attwidth Sync="TRUE">254</attwidth><atprecis Sync="TRUE">0</atprecis><attscale Sync="TRUE">0</attscale></attr><attr><attrlabl Sync="TRUE">USO</attrlabl><attalias Sync="TRUE">USO</attalias><attrtype Sync="TRUE">String</attrtype><attwidth Sync="TRUE">254</attwidth><atprecis Sync="TRUE">0</atprecis><attscale Sync="TRUE">0</attscale></attr><attr><attrlabl Sync="TRUE">SCT_GYE</attrlabl><attalias Sync="TRUE">SCT_GYE</attalias><attrtype Sync="TRUE">String</attrtype><attwidth Sync="TRUE">50</attwidth><atprecis Sync="TRUE">0</atprecis><attscale Sync="TRUE">0</attscale></attr><attr><attrlabl Sync="TRUE">TIPOLOGIA</attrlabl><attalias Sync="TRUE">TIPOLOGIA</attalias><attrtype Sync="TRUE">String</attrtype><attwidth Sync="TRUE">254</attwidth><atprecis Sync="TRUE">0</atprecis><attscale Sync="TRUE">0</attscale></attr><attr><attrlabl Sync="TRUE">DIRECCION</attrlabl><attalias Sync="TRUE">DIRECCION</attalias><attrtype Sync="TRUE">String</attrtype><attwidth Sync="TRUE">250</attwidth><atprecis Sync="TRUE">0</atprecis><attscale Sync="TRUE">0</attscale></attr></detailed></eainfo><mdDateSt Sync="TRUE">20210310</mdDateSt><mdChar><CharSetCd value="004" Sync="TRUE"></CharSetCd></mdChar></metadata>
