<?xml version="1.0" encoding="UTF-8"?>
<metadata xml:lang="es"><Esri><CreaDate>20230303</CreaDate><CreaTime>15000900</CreaTime><ArcGISFormat>1.0</ArcGISFormat><SyncOnce>FALSE</SyncOnce><DataProperties><itemProps><itemName Sync="TRUE">MERCADOS</itemName><imsContentType Sync="TRUE">002</imsContentType><itemLocation><linkage Sync="TRUE">file://\\RICDEFJO\E\PDOT GYE PUGS\MAPAS PUGS\EQUIPAMIENTOS GENERAL\v105\master_plan_gye.gdb</linkage><protocol Sync="TRUE">Local Area Network</protocol></itemLocation></itemProps><coordRef><type Sync="TRUE">Projected</type><geogcsn Sync="TRUE">GCS_WGS_1984</geogcsn><csUnits Sync="TRUE">Linear Unit: Meter (1.000000)</csUnits><projcsn Sync="TRUE">WGS_1984_UTM_Zone_17S</projcsn><peXml Sync="TRUE">&lt;ProjectedCoordinateSystem xsi:type='typens:ProjectedCoordinateSystem' xmlns:xsi='http://www.w3.org/2001/XMLSchema-instance' xmlns:xs='http://www.w3.org/2001/XMLSchema' xmlns:typens='http://www.esri.com/schemas/ArcGIS/10.5'&gt;&lt;WKT&gt;PROJCS[&amp;quot;WGS_1984_UTM_Zone_17S&amp;quot;,GEOGCS[&amp;quot;GCS_WGS_1984&amp;quot;,DATUM[&amp;quot;D_WGS_1984&amp;quot;,SPHEROID[&amp;quot;WGS_1984&amp;quot;,6378137.0,298.257223563]],PRIMEM[&amp;quot;Greenwich&amp;quot;,0.0],UNIT[&amp;quot;Degree&amp;quot;,0.0174532925199433]],PROJECTION[&amp;quot;Transverse_Mercator&amp;quot;],PARAMETER[&amp;quot;False_Easting&amp;quot;,500000.0],PARAMETER[&amp;quot;False_Northing&amp;quot;,10000000.0],PARAMETER[&amp;quot;Central_Meridian&amp;quot;,-81.0],PARAMETER[&amp;quot;Scale_Factor&amp;quot;,0.9996],PARAMETER[&amp;quot;Latitude_Of_Origin&amp;quot;,0.0],UNIT[&amp;quot;Meter&amp;quot;,1.0],AUTHORITY[&amp;quot;EPSG&amp;quot;,32717]],VERTCS[&amp;quot;WGS_1984&amp;quot;,DATUM[&amp;quot;D_WGS_1984&amp;quot;,SPHEROID[&amp;quot;WGS_1984&amp;quot;,6378137.0,298.257223563]],PARAMETER[&amp;quot;Vertical_Shift&amp;quot;,0.0],PARAMETER[&amp;quot;Direction&amp;quot;,1.0],UNIT[&amp;quot;Meter&amp;quot;,1.0],AUTHORITY[&amp;quot;Esri&amp;quot;,115700]]&lt;/WKT&gt;&lt;XOrigin&gt;-5120900&lt;/XOrigin&gt;&lt;YOrigin&gt;1900&lt;/YOrigin&gt;&lt;XYScale&gt;10000&lt;/XYScale&gt;&lt;ZOrigin&gt;-100000&lt;/ZOrigin&gt;&lt;ZScale&gt;10000&lt;/ZScale&gt;&lt;MOrigin&gt;-100000&lt;/MOrigin&gt;&lt;MScale&gt;10000&lt;/MScale&gt;&lt;XYTolerance&gt;0.001&lt;/XYTolerance&gt;&lt;ZTolerance&gt;0.001&lt;/ZTolerance&gt;&lt;MTolerance&gt;0.001&lt;/MTolerance&gt;&lt;HighPrecision&gt;true&lt;/HighPrecision&gt;&lt;WKID&gt;32717&lt;/WKID&gt;&lt;LatestWKID&gt;32717&lt;/LatestWKID&gt;&lt;VCSWKID&gt;115700&lt;/VCSWKID&gt;&lt;LatestVCSWKID&gt;115700&lt;/LatestVCSWKID&gt;&lt;/ProjectedCoordinateSystem&gt;</peXml></coordRef><lineage><Process ToolSource="c:\program files (x86)\arcgis\desktop10.5\ArcToolbox\Toolboxes\Data Management Tools.tbx\Merge" Date="20200818" Time="113438">Merge pol_mercados;DIAG_MERCADOS C:\Users\Diana\Documents\ArcGIS\Default.gdb\pol_mercados_Merge "FID_ "FID_" true true false 10 Long 0 10 ,First,#,pol_mercados,FID_,-1,-1;Entity "Entity" true true false 16 Text 0 0 ,First,#,pol_mercados,Entity,-1,-1;Layer "Layer" true true false 254 Text 0 0 ,First,#,pol_mercados,Layer,-1,-1;Color "Color" true true false 5 Long 0 5 ,First,#,pol_mercados,Color,-1,-1;Linetype "Linetype" true true false 254 Text 0 0 ,First,#,pol_mercados,Linetype,-1,-1;Elevation "Elevation" true true false 19 Double 0 0 ,First,#,pol_mercados,Elevation,-1,-1;LineWt "LineWt" true true false 5 Long 0 5 ,First,#,pol_mercados,LineWt,-1,-1;RefName "RefName" true true false 254 Text 0 0 ,First,#,pol_mercados,RefName,-1,-1;codigo "codigo" true true false 50 Text 0 0 ,First,#,DIAG_MERCADOS,codigo,-1,-1;SCT_NUM "SCT_NUM" true true false 4 Text 0 0 ,First,#,DIAG_MERCADOS,SCT_NUM,-1,-1;SCT_NOM "SCT_NOM" true true false 100 Text 0 0 ,First,#,DIAG_MERCADOS,SCT_NOM,-1,-1;COOP_URB "COOP_URB" true true false 200 Text 0 0 ,First,#,DIAG_MERCADOS,COOP_URB,-1,-1;denomi "denomi" true true false 200 Text 0 0 ,First,#,DIAG_MERCADOS,denomi,-1,-1;PARR "PARR" true true false 100 Text 0 0 ,First,#,DIAG_MERCADOS,PARR,-1,-1;SIM_B1 "SIM_B1" true true false 50 Text 0 0 ,First,#,DIAG_MERCADOS,SIM_B1,-1,-1;GESTOR "GESTOR" true true false 100 Text 0 0 ,First,#,DIAG_MERCADOS,GESTOR,-1,-1;coord_x "coord_x" true true false 19 Double 0 0 ,First,#,DIAG_MERCADOS,coord_x,-1,-1;coord_y "coord_y" true true false 19 Double 0 0 ,First,#,DIAG_MERCADOS,coord_y,-1,-1"</Process><Process ToolSource="c:\program files (x86)\arcgis\desktop10.5\ArcToolbox\Toolboxes\Data Management Tools.tbx\FeatureToPoint" Date="20200818" Time="115829">FeatureToPoint pol_mercados_Merge C:\Users\Diana\Documents\ArcGIS\Default.gdb\pol_mercados_Merge_FeatureTo3 INSIDE</Process><Process ToolSource="c:\program files (x86)\arcgis\desktop10.5\ArcToolbox\Toolboxes\Conversion Tools.tbx\FeatureClassToFeatureClass" Date="20200826" Time="174250">FeatureClassToFeatureClass G:\MERCADOS\PUNTOS_EQUIPAMIENTOS_MERCADOS.shp "H:\00 - MASTER PLAN\MASTER_PLAN_GYE.gdb\EQUIPAMIENTOS" MERCADOS # "codigo "codigo" true true false 50 Text 0 0 ,First,#,G:\MERCADOS\PUNTOS_EQUIPAMIENTOS_MERCADOS.shp,codigo,-1,-1;SCT_NUM "SCT_NUM" true true false 4 Text 0 0 ,First,#,G:\MERCADOS\PUNTOS_EQUIPAMIENTOS_MERCADOS.shp,SCT_NUM,-1,-1;SCT_NOM "SCT_NOM" true true false 100 Text 0 0 ,First,#,G:\MERCADOS\PUNTOS_EQUIPAMIENTOS_MERCADOS.shp,SCT_NOM,-1,-1;COOP_URB "COOP_URB" true true false 200 Text 0 0 ,First,#,G:\MERCADOS\PUNTOS_EQUIPAMIENTOS_MERCADOS.shp,COOP_URB,-1,-1;denomi "denomi" true true false 200 Text 0 0 ,First,#,G:\MERCADOS\PUNTOS_EQUIPAMIENTOS_MERCADOS.shp,denomi,-1,-1;PARR "PARR" true true false 100 Text 0 0 ,First,#,G:\MERCADOS\PUNTOS_EQUIPAMIENTOS_MERCADOS.shp,PARR,-1,-1;SIM_B1 "SIM_B1" true true false 50 Text 0 0 ,First,#,G:\MERCADOS\PUNTOS_EQUIPAMIENTOS_MERCADOS.shp,SIM_B1,-1,-1;GESTOR "GESTOR" true true false 100 Text 0 0 ,First,#,G:\MERCADOS\PUNTOS_EQUIPAMIENTOS_MERCADOS.shp,GESTOR,-1,-1;coord_x "coord_x" true true false 19 Double 0 0 ,First,#,G:\MERCADOS\PUNTOS_EQUIPAMIENTOS_MERCADOS.shp,coord_x,-1,-1;coord_y "coord_y" true true false 19 Double 0 0 ,First,#,G:\MERCADOS\PUNTOS_EQUIPAMIENTOS_MERCADOS.shp,coord_y,-1,-1;ORIG_FID "ORIG_FID" true true false 10 Long 0 10 ,First,#,G:\MERCADOS\PUNTOS_EQUIPAMIENTOS_MERCADOS.shp,ORIG_FID,-1,-1" #</Process><Process ToolSource="c:\program files (x86)\arcgis\desktop10.7\ArcToolbox\Toolboxes\Data Management Tools.tbx\CalculateField" Date="20200831" Time="235248">CalculateField MERCADOS TIPO "MERCADOS DE VÍVERES" VB #</Process></lineage></DataProperties><SyncDate>20200826</SyncDate><SyncTime>17424700</SyncTime><ModDate>20200826</ModDate><ModTime>17424700</ModTime></Esri><dataIdInfo><envirDesc Sync="TRUE"> Version 6.2 (Build 9200) ; Esri ArcGIS 10.5.0.6491</envirDesc><dataLang><languageCode value="spa" Sync="TRUE"></languageCode><countryCode value="ECU" Sync="TRUE"></countryCode></dataLang><idCitation><resTitle Sync="TRUE">MERCADOS</resTitle><presForm><PresFormCd value="005" Sync="TRUE"></PresFormCd></presForm></idCitation><spatRpType><SpatRepTypCd value="001" Sync="TRUE"></SpatRepTypCd></spatRpType></dataIdInfo><mdLang><languageCode value="spa" Sync="TRUE"></languageCode><countryCode value="ECU" Sync="TRUE"></countryCode></mdLang><distInfo><distFormat><formatName Sync="TRUE">File Geodatabase Feature Class</formatName></distFormat></distInfo><mdHrLv><ScopeCd value="005" Sync="TRUE"></ScopeCd></mdHrLv><mdHrLvName Sync="TRUE">dataset</mdHrLvName><refSysInfo><RefSystem><refSysID><identCode code="32717" Sync="TRUE"></identCode><idCodeSpace Sync="TRUE">EPSG</idCodeSpace><idVersion Sync="TRUE">2.1(3.0.1)</idVersion></refSysID></RefSystem></refSysInfo><spatRepInfo><VectSpatRep><geometObjs Name="MERCADOS"><geoObjTyp><GeoObjTypCd value="004" Sync="TRUE"></GeoObjTypCd></geoObjTyp><geoObjCnt Sync="TRUE">0</geoObjCnt></geometObjs><topLvl><TopoLevCd value="001" Sync="TRUE"></TopoLevCd></topLvl></VectSpatRep></spatRepInfo><spdoinfo><ptvctinf><esriterm Name="MERCADOS"><efeatyp Sync="TRUE">Simple</efeatyp><efeageom code="1" Sync="TRUE"></efeageom><esritopo Sync="TRUE">FALSE</esritopo><efeacnt Sync="TRUE">0</efeacnt><spindex Sync="TRUE">TRUE</spindex><linrefer Sync="TRUE">FALSE</linrefer></esriterm></ptvctinf></spdoinfo><eainfo><detailed Name="MERCADOS"><enttyp><enttypl Sync="TRUE">MERCADOS</enttypl><enttypt Sync="TRUE">Feature Class</enttypt><enttypc Sync="TRUE">0</enttypc></enttyp><attr><attrlabl Sync="TRUE">OBJECTID</attrlabl><attalias Sync="TRUE">OBJECTID</attalias><attrtype Sync="TRUE">OID</attrtype><attwidth Sync="TRUE">4</attwidth><atprecis Sync="TRUE">0</atprecis><attscale Sync="TRUE">0</attscale><attrdef Sync="TRUE">Internal feature number.</attrdef><attrdefs Sync="TRUE">Esri</attrdefs><attrdomv><udom Sync="TRUE">Sequential unique whole numbers that are automatically generated.</udom></attrdomv></attr><attr><attrlabl Sync="TRUE">Shape</attrlabl><attalias Sync="TRUE">Shape</attalias><attrtype Sync="TRUE">Geometry</attrtype><attwidth Sync="TRUE">0</attwidth><atprecis Sync="TRUE">0</atprecis><attscale Sync="TRUE">0</attscale><attrdef Sync="TRUE">Feature geometry.</attrdef><attrdefs Sync="TRUE">Esri</attrdefs><attrdomv><udom Sync="TRUE">Coordinates defining the features.</udom></attrdomv></attr><attr><attrlabl Sync="TRUE">codigo</attrlabl><attalias Sync="TRUE">codigo</attalias><attrtype Sync="TRUE">String</attrtype><attwidth Sync="TRUE">50</attwidth><atprecis Sync="TRUE">0</atprecis><attscale Sync="TRUE">0</attscale></attr><attr><attrlabl Sync="TRUE">SCT_NUM</attrlabl><attalias Sync="TRUE">SCT_NUM</attalias><attrtype Sync="TRUE">String</attrtype><attwidth Sync="TRUE">4</attwidth><atprecis Sync="TRUE">0</atprecis><attscale Sync="TRUE">0</attscale></attr><attr><attrlabl Sync="TRUE">SCT_NOM</attrlabl><attalias Sync="TRUE">SCT_NOM</attalias><attrtype Sync="TRUE">String</attrtype><attwidth Sync="TRUE">100</attwidth><atprecis Sync="TRUE">0</atprecis><attscale Sync="TRUE">0</attscale></attr><attr><attrlabl Sync="TRUE">COOP_URB</attrlabl><attalias Sync="TRUE">COOP_URB</attalias><attrtype Sync="TRUE">String</attrtype><attwidth Sync="TRUE">200</attwidth><atprecis Sync="TRUE">0</atprecis><attscale Sync="TRUE">0</attscale></attr><attr><attrlabl Sync="TRUE">denomi</attrlabl><attalias Sync="TRUE">denomi</attalias><attrtype Sync="TRUE">String</attrtype><attwidth Sync="TRUE">200</attwidth><atprecis Sync="TRUE">0</atprecis><attscale Sync="TRUE">0</attscale></attr><attr><attrlabl Sync="TRUE">PARR</attrlabl><attalias Sync="TRUE">PARR</attalias><attrtype Sync="TRUE">String</attrtype><attwidth Sync="TRUE">100</attwidth><atprecis Sync="TRUE">0</atprecis><attscale Sync="TRUE">0</attscale></attr><attr><attrlabl Sync="TRUE">SIM_B1</attrlabl><attalias Sync="TRUE">SIM_B1</attalias><attrtype Sync="TRUE">String</attrtype><attwidth Sync="TRUE">50</attwidth><atprecis Sync="TRUE">0</atprecis><attscale Sync="TRUE">0</attscale></attr><attr><attrlabl Sync="TRUE">GESTOR</attrlabl><attalias Sync="TRUE">GESTOR</attalias><attrtype Sync="TRUE">String</attrtype><attwidth Sync="TRUE">100</attwidth><atprecis Sync="TRUE">0</atprecis><attscale Sync="TRUE">0</attscale></attr><attr><attrlabl Sync="TRUE">coord_x</attrlabl><attalias Sync="TRUE">coord_x</attalias><attrtype Sync="TRUE">Double</attrtype><attwidth Sync="TRUE">8</attwidth><atprecis Sync="TRUE">0</atprecis><attscale Sync="TRUE">0</attscale></attr><attr><attrlabl Sync="TRUE">coord_y</attrlabl><attalias Sync="TRUE">coord_y</attalias><attrtype Sync="TRUE">Double</attrtype><attwidth Sync="TRUE">8</attwidth><atprecis Sync="TRUE">0</atprecis><attscale Sync="TRUE">0</attscale></attr><attr><attrlabl Sync="TRUE">ORIG_FID</attrlabl><attalias Sync="TRUE">ORIG_FID</attalias><attrtype Sync="TRUE">Integer</attrtype><attwidth Sync="TRUE">4</attwidth><atprecis Sync="TRUE">0</atprecis><attscale Sync="TRUE">0</attscale></attr></detailed></eainfo><mdDateSt Sync="TRUE">20200826</mdDateSt></metadata>
